experiment,accuracy_mean,accuracy_ci_lo,accuracy_ci_hi,f1_mean,f1_ci_lo,f1_ci_hi,logloss_mean,logloss_ci_lo,logloss_ci_hi,compression_ratio
fedavg_fp32,0.51875,0.51875,0.51875,0.3415637860082304,0.3415637860082304,0.3415637860082304,0.6898402462078431,0.6898402462078431,0.6898402462078431,1.0
topk_4bit,0.51875,0.51875,0.51875,0.3415637860082304,0.3415637860082304,0.3415637860082304,0.6907289803992256,0.6907289803992256,0.6907289803992256,2.630060120240481
topk_8bit,0.51875,0.51875,0.51875,0.3415637860082304,0.3415637860082304,0.3415637860082304,0.6901394099820889,0.6901394099820889,0.6901394099820889,1.324318869828456
turboquant_2bit,0.51875,0.51875,0.51875,0.3415637860082304,0.3415637860082304,0.3415637860082304,0.6899487667612589,0.6899487667612589,0.6899487667612589,15.287128712871286
turboquant_4bit,0.51875,0.51875,0.51875,0.3415637860082304,0.3415637860082304,0.3415637860082304,0.689851627559724,0.689851627559724,0.689851627559724,7.791035915701989
turboquant_8bit,0.51875,0.51875,0.51875,0.3415637860082304,0.3415637860082304,0.3415637860082304,0.6898414432153352,0.6898414432153352,0.6898414432153352,3.9328738387773448
uniform_4bit,0.51875,0.51875,0.51875,0.3415637860082304,0.3415637860082304,0.3415637860082304,0.689835876346745,0.689835876346745,0.689835876346745,7.699618656497506
uniform_8bit,0.51875,0.51875,0.51875,0.3415637860082304,0.3415637860082304,0.3415637860082304,0.6898402629203618,0.6898402629203618,0.6898402629203618,3.9234678624813153
